method	N	precision	baseline	lift
SID-synergy	200	0.005	0.001373534338358459	3.6402439024390247
SID-synergy	218	0.0045871559633027525	0.001373534338358459	3.339673304989931
SID-synergy	237	0.008438818565400843	0.001373534338358459	6.143871565297931
SID-synergy	258	0.011627906976744186	0.001373534338358459	8.465683494044242
SID-synergy	281	0.010676156583629894	0.001373534338358459	7.772762781008593
SID-synergy	300	0.01	0.001373534338358459	7.2804878048780495
SID-synergy	306	0.00980392156862745	0.001373534338358459	7.137733142037303
SID-synergy	333	0.009009009009009009	0.001373534338358459	6.5589980224126565
SID-synergy	362	0.008287292817679558	0.001373534338358459	6.033553429456947
SID-synergy	395	0.007594936708860759	0.001373534338358459	5.5294844087681385
SID-synergy	400	0.0075	0.001373534338358459	5.460365853658536
SID-synergy	430	0.0069767441860465115	0.001373534338358459	5.079410096426546
SID-synergy	468	0.00641025641025641	0.001373534338358459	4.666979362101313
SID-synergy	500	0.006	0.001373534338358459	4.368292682926829
SID-synergy	509	0.005893909626719057	0.001373534338358459	4.291053716038143
SID-synergy	554	0.005415162454873646	0.001373534338358459	3.942502421414106
SID-synergy	600	0.005	0.001373534338358459	3.6402439024390247
SID-synergy	603	0.004975124378109453	0.001373534338358459	3.622133236257736
SID-synergy	657	0.0045662100456621	0.001373534338358459	3.324423655195456
SID-synergy	715	0.004195804195804196	0.001373534338358459	3.0547501279208595
SID-synergy	778	0.0038560411311053984	0.001373534338358459	2.807386043012101
SID-synergy	800	0.00375	0.001373534338358459	2.730182926829268
SID-synergy	847	0.0035419126328217238	0.001373534338358459	2.5786851729202063
SID-synergy	922	0.0032537960954446853	0.001373534338358459	2.3689222792444844
SID-synergy	1000	0.004	0.001373534338358459	2.91219512195122
SID-synergy	1004	0.00398406374501992	0.001373534338358459	2.9005927509474296
SID-synergy	1093	0.0036596523330283625	0.001373534338358459	2.6644054180706496
SID-synergy	1190	0.0033613445378151263	0.001373534338358459	2.447222791555647
SID-synergy	1296	0.0030864197530864196	0.001373534338358459	2.2470641373080396
SID-synergy	1410	0.0028368794326241137	0.001373534338358459	2.065386611312922
SID-synergy	1500	0.0026666666666666666	0.001373534338358459	1.9414634146341463
SID-synergy	1535	0.0026058631921824105	0.001373534338358459	1.8971955191864625
SID-synergy	1671	0.0023937761819269898	0.001373534338358459	1.7427858300126988
SID-synergy	1820	0.002197802197802198	0.001373534338358459	1.6001072098633076
SID-synergy	1981	0.0020191822311963654	0.001373534338358459	1.4700631610051589
SID-synergy	2000	0.002	0.001373534338358459	1.45609756097561
SID-synergy	2157	0.0018544274455261937	0.001373534338358459	1.3501136402184606
SID-synergy	2348	0.0017035775127768314	0.001373534338358459	1.2402875306436199
SID-synergy	2556	0.001564945226917058	0.001373534338358459	1.1393564639871752
SID-synergy	2782	0.0014378145219266715	0.001373534338358459	1.0467991092563693
SID-synergy	3000	0.0013333333333333333	0.001373534338358459	0.9707317073170731
SID-synergy	3029	0.0013205678441729944	0.001373534338358459	0.9614378085015581
SID-synergy	3297	0.001213224143160449	0.001373534338358459	0.8832863578863269
SID-synergy	3590	0.001392757660167131	0.001373534338358459	1.0139955159997283
SID-synergy	3908	0.00127942681678608	0.001373534338358459	0.9314851336844997
SID-synergy	4254	0.0016455101081335214	0.001373534338358459	1.1980116275069663
SID-synergy	4631	0.0015115525804361909	0.001373534338358459	1.1004840128297635
SID-synergy	5000	0.0014	0.001373534338358459	1.0192682926829268
SID-synergy	5042	0.001388337961126537	0.001373534338358459	1.0107777595031007
SID-synergy	5489	0.0012752778283840408	0.001373534338358459	0.9284644677381371
SID-synergy	5975	0.0018410041841004183	0.001373534338358459	1.3403408511072559
SID-synergy	6505	0.0016910069177555726	0.001373534338358459	1.2311355242683863
SID-synergy	7081	0.0016946758932354187	0.001373534338358459	1.233806717392128
SID-synergy	7709	0.0019457776624724349	0.001373534338358459	1.4166210542634678
SID-synergy	8392	0.0020257387988560534	0.001373534338358459	1.4748366620939803
SID-synergy	9136	0.001970227670753065	0.001373534338358459	1.4344218529750972
SID-synergy	9946	0.0018097727729740598	0.001373534338358459	1.3176028603237973
SID-synergy	10000	0.0018	0.001373534338358459	1.3104878048780488
SID-synergy	10827	0.0019395954558049321	0.001373534338358459	1.412120106238469
SID-synergy	11787	0.0018664630525154831	0.001373534338358459	1.3588761492094432
SID-synergy	12832	0.0018703241895261845	0.001373534338358459	1.3616872453013806
SID-synergy	13969	0.0018612642279332808	0.001373534338358459	1.3550911513124009
SID-synergy	15208	0.001841136244082062	0.001373534338358459	1.3404369972158428
SID-synergy	16555	0.0016913319238900633	0.001373534338358459	1.2313721445882535
SID-synergy	18023	0.0016090550962658825	0.001373534338358459	1.1714706005740634
SID-synergy	19620	0.001783893985728848	0.001373534338358459	1.2987618408294175
SID-synergy	20000	0.00175	0.001373534338358459	1.2740853658536586
SID-synergy	21359	0.0016854721662999204	0.001373534338358459	1.2271059552207957
SID-synergy	23253	0.001634197737926289	0.001373534338358459	1.189775670173164
SID-synergy	25314	0.0015801532748676622	0.001373534338358459	1.1504286647512127
SID-synergy	27557	0.0015966904960627063	0.001373534338358459	1.1624685684749216
SID-synergy	30000	0.0015333333333333334	0.001373534338358459	1.1163414634146342
MI-sum(nbins=3)	200	0.005	0.001373534338358459	3.6402439024390247
MI-sum(nbins=3)	218	0.0045871559633027525	0.001373534338358459	3.339673304989931
MI-sum(nbins=3)	237	0.004219409282700422	0.001373534338358459	3.0719357826489655
MI-sum(nbins=3)	258	0.003875968992248062	0.001373534338358459	2.8218944980147476
MI-sum(nbins=3)	281	0.0035587188612099642	0.001373534338358459	2.5909209270028644
MI-sum(nbins=3)	300	0.0033333333333333335	0.001373534338358459	2.4268292682926833
MI-sum(nbins=3)	306	0.0032679738562091504	0.001373534338358459	2.379244380679101
MI-sum(nbins=3)	333	0.003003003003003003	0.001373534338358459	2.186332674137552
MI-sum(nbins=3)	362	0.0027624309392265192	0.001373534338358459	2.011184476485649
MI-sum(nbins=3)	395	0.002531645569620253	0.001373534338358459	1.8431614695893794
MI-sum(nbins=3)	400	0.0025	0.001373534338358459	1.8201219512195124
MI-sum(nbins=3)	430	0.002325581395348837	0.001373534338358459	1.6931366988088485
MI-sum(nbins=3)	468	0.002136752136752137	0.001373534338358459	1.5556597873671048
MI-sum(nbins=3)	500	0.002	0.001373534338358459	1.45609756097561
MI-sum(nbins=3)	509	0.0019646365422396855	0.001373534338358459	1.4303512386793809
MI-sum(nbins=3)	554	0.0018050541516245488	0.001373534338358459	1.314167473804702
MI-sum(nbins=3)	600	0.0016666666666666668	0.001373534338358459	1.2134146341463417
MI-sum(nbins=3)	603	0.001658374792703151	0.001373534338358459	1.2073777454192454
MI-sum(nbins=3)	657	0.0015220700152207	0.001373534338358459	1.1081412183984853
MI-sum(nbins=3)	715	0.0013986013986013986	0.001373534338358459	1.0182500426402865
MI-sum(nbins=3)	778	0.0012853470437017994	0.001373534338358459	0.9357953476707003
MI-sum(nbins=3)	800	0.0025	0.001373534338358459	1.8201219512195124
MI-sum(nbins=3)	847	0.0023612750885478157	0.001373534338358459	1.7191234486134708
MI-sum(nbins=3)	922	0.0021691973969631237	0.001373534338358459	1.579281519496323
MI-sum(nbins=3)	1000	0.002	0.001373534338358459	1.45609756097561
MI-sum(nbins=3)	1004	0.00199203187250996	0.001373534338358459	1.4502963754737148
MI-sum(nbins=3)	1093	0.0018298261665141812	0.001373534338358459	1.3322027090353248
MI-sum(nbins=3)	1190	0.0016806722689075631	0.001373534338358459	1.2236113957778234
MI-sum(nbins=3)	1296	0.0015432098765432098	0.001373534338358459	1.1235320686540198
MI-sum(nbins=3)	1410	0.0014184397163120568	0.001373534338358459	1.032693305656461
MI-sum(nbins=3)	1500	0.0013333333333333333	0.001373534338358459	0.9707317073170731
MI-sum(nbins=3)	1535	0.0013029315960912053	0.001373534338358459	0.9485977595932312
MI-sum(nbins=3)	1671	0.0011968880909634949	0.001373534338358459	0.8713929150063494
MI-sum(nbins=3)	1820	0.001098901098901099	0.001373534338358459	0.8000536049316538
MI-sum(nbins=3)	1981	0.0010095911155981827	0.001373534338358459	0.7350315805025794
MI-sum(nbins=3)	2000	0.001	0.001373534338358459	0.728048780487805
MI-sum(nbins=3)	2157	0.0009272137227630969	0.001373534338358459	0.6750568201092303
MI-sum(nbins=3)	2348	0.0008517887563884157	0.001373534338358459	0.6201437653218099
MI-sum(nbins=3)	2556	0.0019561815336463224	0.001373534338358459	1.424195579983969
MI-sum(nbins=3)	2782	0.0017972681524083393	0.001373534338358459	1.3084988865704617
MI-sum(nbins=3)	3000	0.0023333333333333335	0.001373534338358459	1.6987804878048782
MI-sum(nbins=3)	3029	0.00231099372730274	0.001373534338358459	1.6825161648777267
MI-sum(nbins=3)	3297	0.002426448286320898	0.001373534338358459	1.7665727157726538
MI-sum(nbins=3)	3590	0.0022284122562674096	0.001373534338358459	1.6223928255995652
MI-sum(nbins=3)	3908	0.0020470829068577278	0.001373534338358459	1.4903762138951995
MI-sum(nbins=3)	4254	0.0018805829807240243	0.001373534338358459	1.369156145722247
MI-sum(nbins=3)	4631	0.0019434247462751025	0.001373534338358459	1.41490801649541
MI-sum(nbins=3)	5000	0.0022	0.001373534338358459	1.6017073170731708
MI-sum(nbins=3)	5042	0.00218167393891313	0.001373534338358459	1.58836505064773
MI-sum(nbins=3)	5489	0.00218619056294407	0.001373534338358459	1.591653373265378
MI-sum(nbins=3)	5975	0.0021757322175732217	0.001373534338358459	1.5840391876722115
MI-sum(nbins=3)	6505	0.0021521906225980014	0.001373534338358459	1.5668997581597646
MI-sum(nbins=3)	7081	0.0021183448665442733	0.001373534338358459	1.54225839674016
MI-sum(nbins=3)	7709	0.0020754961733039303	0.001373534338358459	1.511062457881032
MI-sum(nbins=3)	8392	0.0019065776930409914	0.001373534338358459	1.3880815643237463
MI-sum(nbins=3)	9136	0.00186077057793345	0.001373534338358459	1.3547317500320364
MI-sum(nbins=3)	9946	0.0018097727729740598	0.001373534338358459	1.3176028603237973
MI-sum(nbins=3)	10000	0.0018	0.001373534338358459	1.3104878048780488
MI-sum(nbins=3)	10827	0.0017548720790616053	0.001373534338358459	1.2776324770729006
MI-sum(nbins=3)	11787	0.001611945363536099	0.001373534338358459	1.1735748561354282
MI-sum(nbins=3)	12832	0.0014806733167082294	0.001373534338358459	1.0780024025302597
MI-sum(nbins=3)	13969	0.001503328799484573	0.001373534338358459	1.0944966991369391
MI-sum(nbins=3)	15208	0.0015781167806417674	0.001373534338358459	1.1489459976135794
MI-sum(nbins=3)	16555	0.0016309272123225611	0.001373534338358459	1.1873945679958158
MI-sum(nbins=3)	18023	0.0016090550962658825	0.001373534338358459	1.1714706005740634
MI-sum(nbins=3)	19620	0.0016819571865443425	0.001373534338358459	1.2245468784963078
MI-sum(nbins=3)	20000	0.0017	0.001373534338358459	1.2376829268292682
MI-sum(nbins=3)	21359	0.0017791095088721383	0.001373534338358459	1.2952785082886178
MI-sum(nbins=3)	23253	0.0017202081451855675	0.001373534338358459	1.2523954422875412
MI-sum(nbins=3)	25314	0.0017381686023544283	0.001373534338358459	1.2654715312263338
MI-sum(nbins=3)	27557	0.0016692673367928294	0.001373534338358459	1.2153080488601453
MI-sum(nbins=3)	30000	0.0016	0.001373534338358459	1.164878048780488
Spearman-sum(posonly)	200	0.005	0.001373534338358459	3.6402439024390247
Spearman-sum(posonly)	218	0.0045871559633027525	0.001373534338358459	3.339673304989931
Spearman-sum(posonly)	237	0.004219409282700422	0.001373534338358459	3.0719357826489655
Spearman-sum(posonly)	258	0.003875968992248062	0.001373534338358459	2.8218944980147476
Spearman-sum(posonly)	281	0.0035587188612099642	0.001373534338358459	2.5909209270028644
Spearman-sum(posonly)	300	0.0033333333333333335	0.001373534338358459	2.4268292682926833
Spearman-sum(posonly)	306	0.0032679738562091504	0.001373534338358459	2.379244380679101
Spearman-sum(posonly)	333	0.003003003003003003	0.001373534338358459	2.186332674137552
Spearman-sum(posonly)	362	0.0027624309392265192	0.001373534338358459	2.011184476485649
Spearman-sum(posonly)	395	0.002531645569620253	0.001373534338358459	1.8431614695893794
Spearman-sum(posonly)	400	0.0025	0.001373534338358459	1.8201219512195124
Spearman-sum(posonly)	430	0.002325581395348837	0.001373534338358459	1.6931366988088485
Spearman-sum(posonly)	468	0.002136752136752137	0.001373534338358459	1.5556597873671048
Spearman-sum(posonly)	500	0.002	0.001373534338358459	1.45609756097561
Spearman-sum(posonly)	509	0.0019646365422396855	0.001373534338358459	1.4303512386793809
Spearman-sum(posonly)	554	0.0036101083032490976	0.001373534338358459	2.628334947609404
Spearman-sum(posonly)	600	0.0033333333333333335	0.001373534338358459	2.4268292682926833
Spearman-sum(posonly)	603	0.003316749585406302	0.001373534338358459	2.4147554908384907
Spearman-sum(posonly)	657	0.0030441400304414	0.001373534338358459	2.2162824367969707
Spearman-sum(posonly)	715	0.002797202797202797	0.001373534338358459	2.036500085280573
Spearman-sum(posonly)	778	0.002570694087403599	0.001373534338358459	1.8715906953414005
Spearman-sum(posonly)	800	0.0025	0.001373534338358459	1.8201219512195124
Spearman-sum(posonly)	847	0.0023612750885478157	0.001373534338358459	1.7191234486134708
Spearman-sum(posonly)	922	0.0021691973969631237	0.001373534338358459	1.579281519496323
Spearman-sum(posonly)	1000	0.002	0.001373534338358459	1.45609756097561
Spearman-sum(posonly)	1004	0.00199203187250996	0.001373534338358459	1.4502963754737148
Spearman-sum(posonly)	1093	0.0027447392497712718	0.001373534338358459	1.998304063552987
Spearman-sum(posonly)	1190	0.0025210084033613447	0.001373534338358459	1.8354170936667351
Spearman-sum(posonly)	1296	0.0023148148148148147	0.001373534338358459	1.6852981029810297
Spearman-sum(posonly)	1410	0.002127659574468085	0.001373534338358459	1.5490399584846912
Spearman-sum(posonly)	1500	0.002	0.001373534338358459	1.45609756097561
Spearman-sum(posonly)	1535	0.001954397394136808	0.001373534338358459	1.4228966393898468
Spearman-sum(posonly)	1671	0.0017953321364452424	0.001373534338358459	1.307089372509524
Spearman-sum(posonly)	1820	0.0016483516483516484	0.001373534338358459	1.2000804073974807
Spearman-sum(posonly)	1981	0.0020191822311963654	0.001373534338358459	1.4700631610051589
Spearman-sum(posonly)	2000	0.002	0.001373534338358459	1.45609756097561
Spearman-sum(posonly)	2157	0.0018544274455261937	0.001373534338358459	1.3501136402184606
Spearman-sum(posonly)	2348	0.0017035775127768314	0.001373534338358459	1.2402875306436199
Spearman-sum(posonly)	2556	0.001564945226917058	0.001373534338358459	1.1393564639871752
Spearman-sum(posonly)	2782	0.0014378145219266715	0.001373534338358459	1.0467991092563693
Spearman-sum(posonly)	3000	0.0013333333333333333	0.001373534338358459	0.9707317073170731
Spearman-sum(posonly)	3029	0.0013205678441729944	0.001373534338358459	0.9614378085015581
Spearman-sum(posonly)	3297	0.001516530178950561	0.001373534338358459	1.1041079473579085
Spearman-sum(posonly)	3590	0.001392757660167131	0.001373534338358459	1.0139955159997283
Spearman-sum(posonly)	3908	0.00127942681678608	0.001373534338358459	0.9314851336844997
Spearman-sum(posonly)	4254	0.0016455101081335214	0.001373534338358459	1.1980116275069663
Spearman-sum(posonly)	4631	0.0015115525804361909	0.001373534338358459	1.1004840128297635
Spearman-sum(posonly)	5000	0.0014	0.001373534338358459	1.0192682926829268
Spearman-sum(posonly)	5042	0.0015866719555731853	0.001373534338358459	1.155174582289258
Spearman-sum(posonly)	5489	0.0016396429222080525	0.001373534338358459	1.1937400299490335
Spearman-sum(posonly)	5975	0.0015062761506276152	0.001373534338358459	1.0966425145423004
Spearman-sum(posonly)	6505	0.0013835511145272868	0.001373534338358459	1.0072927016741344
Spearman-sum(posonly)	7081	0.0014122299110295156	0.001373534338358459	1.0281722644934401
Spearman-sum(posonly)	7709	0.0012971851083149566	0.001373534338358459	0.9444140361756452
Spearman-sum(posonly)	8392	0.0013107721639656815	0.001373534338358459	0.9543060754725755
Spearman-sum(posonly)	9136	0.0013134851138353765	0.001373534338358459	0.9562812353167315
Spearman-sum(posonly)	9946	0.001407601045646491	0.001373534338358459	1.0248022246962867
Spearman-sum(posonly)	10000	0.0014	0.001373534338358459	1.0192682926829268
Spearman-sum(posonly)	10827	0.001293063637203288	0.001373534338358459	0.9414134041589792
Spearman-sum(posonly)	11787	0.001357427674556715	0.001373534338358459	0.9882735630614132
Spearman-sum(posonly)	12832	0.0012468827930174563	0.001373534338358459	0.9077914968675871
Spearman-sum(posonly)	13969	0.0013601546281050898	0.001373534338358459	0.9902589182667544
Spearman-sum(posonly)	15208	0.0014466070489216202	0.001373534338358459	1.0532004978124478
Spearman-sum(posonly)	16555	0.001570522500755059	0.001373534338358459	1.1434169914033783
Spearman-sum(posonly)	18023	0.0016090550962658825	0.001373534338358459	1.1714706005740634
Spearman-sum(posonly)	19620	0.0015290519877675841	0.001373534338358459	1.1132244349966436
Spearman-sum(posonly)	20000	0.0015	0.001373534338358459	1.0920731707317073
Spearman-sum(posonly)	21359	0.0015450161524415936	0.001373534338358459	1.1248471256190626
Spearman-sum(posonly)	23253	0.0015911925342966498	0.001373534338358459	1.1584657841159756
Spearman-sum(posonly)	25314	0.0016196571067393537	0.001373534338358459	1.179189381369993
Spearman-sum(posonly)	27557	0.0016329789164277679	0.001373534338358459	1.1888883086675335
Spearman-sum(posonly)	30000	0.0015666666666666667	0.001373534338358459	1.140609756097561
